"CpG","Weight","Methylation_Change"
"cg00860090",-1.28143022381928,"Hypomethylated"
"cg00653615",-0.995917696835482,"Hypomethylated"
"cg02901139",-0.834001713038562,"Hypomethylated"
"cg01832549",0.810981928653076,"Hypermethylated"
"cg01561629",-0.784539698516918,"Hypomethylated"
"cg01901101",0.69740583136868,"Hypermethylated"
"cg00116092",0.690374037464142,"Hypermethylated"
"cg02294302",-0.662995637217649,"Hypomethylated"
"cg02361903",-0.578428241102438,"Hypomethylated"
"cg01974375",-0.563697187987942,"Hypomethylated"
"cg00251125",-0.562408496393912,"Hypomethylated"
"cg00019759",0.542530908259875,"Hypermethylated"
"cg02177231",0.539454803380669,"Hypermethylated"
"cg01789150",0.539355623570656,"Hypermethylated"
"cg01557798",0.536689232822658,"Hypermethylated"
"cg00891995",-0.515852878101923,"Hypomethylated"
"cg01785514",-0.511044470973918,"Hypomethylated"
"cg00039326",-0.509477556059343,"Hypomethylated"
"cg02431597",0.505050383527006,"Hypermethylated"
"cg01352586",0.499942083581126,"Hypermethylated"
